orig_file_name	format	orig_size	orig_width	orig_height	orig_pixel_mode	orig_pixel_depth	out_image	compressed_size	compressed_width	compressed_height	compressed_pixel_mode	compressed_pixel_depth	tool_name	command	stdout	runtime
/home/elissa/ADFA/ADFA-ODT/SourceDocs/KotlinDocs/html/images/original-dataset.png	PNG	119470	1996	514	RGBA	32	kotlin_compressed/original-dataset.png	45117	1996	514	P	8	optipng	optipng -out kotlin_compressed/original-dataset.png  /home/elissa/ADFA/ADFA-ODT/SourceDocs/KotlinDocs/html/images/original-dataset.png		0.01667081999767106
/home/elissa/ADFA/ADFA-ODT/SourceDocs/KotlinDocs/html/images/return-to-grouped-dataset.png	PNG	271790	2056	862	RGBA	32	kotlin_compressed/return-to-grouped-dataset.png	177011	2056	862	RGB	24	optipng	optipng -out kotlin_compressed/return-to-grouped-dataset.png  /home/elissa/ADFA/ADFA-ODT/SourceDocs/KotlinDocs/html/images/return-to-grouped-dataset.png		0.019385691004572436
/home/elissa/ADFA/ADFA-ODT/SourceDocs/KotlinDocs/html/images/alert-window.png	PNG	41520	892	342	RGBA	32	kotlin_compressed/alert-window.png	22949	892	342	RGB	24	optipng	optipng -out kotlin_compressed/alert-window.png  /home/elissa/ADFA/ADFA-ODT/SourceDocs/KotlinDocs/html/images/alert-window.png		0.00437519999104552
/home/elissa/ADFA/ADFA-ODT/SourceDocs/KotlinDocs/html/images/script-deps-module-definition.png	PNG	182921	1580	1234	RGBA	32	kotlin_compressed/script-deps-module-definition.png	109507	1580	1234	RGB	24	optipng	optipng -out kotlin_compressed/script-deps-module-definition.png  /home/elissa/ADFA/ADFA-ODT/SourceDocs/KotlinDocs/html/images/script-deps-module-definition.png		0.018687713003600948
/home/elissa/ADFA/ADFA-ODT/SourceDocs/KotlinDocs/html/images/wasm-custom-formatters-firefox.png	PNG	83212	790	610	RGBA	32	kotlin_compressed/wasm-custom-formatters-firefox.png	46570	790	610	RGB	24	optipng	optipng -out kotlin_compressed/wasm-custom-formatters-firefox.png  /home/elissa/ADFA/ADFA-ODT/SourceDocs/KotlinDocs/html/images/wasm-custom-formatters-firefox.png		0.007760688997223042
/home/elissa/ADFA/ADFA-ODT/SourceDocs/KotlinDocs/html/images/jvm-output-1.png	PNG	54673	1166	624	RGBA	32	kotlin_compressed/jvm-output-1.png	29480	1166	624	RGB	24	optipng	optipng -out kotlin_compressed/jvm-output-1.png  /home/elissa/ADFA/ADFA-ODT/SourceDocs/KotlinDocs/html/images/jvm-output-1.png		0.009062570010428317
/home/elissa/ADFA/ADFA-ODT/SourceDocs/KotlinDocs/html/images/ki-shell-load.png	PNG	49059	1400	300	RGBA	32	kotlin_compressed/ki-shell-load.png	16449	1400	300	P	8	optipng	optipng -out kotlin_compressed/ki-shell-load.png  /home/elissa/ADFA/ADFA-ODT/SourceDocs/KotlinDocs/html/images/ki-shell-load.png		0.009790027004783042
/home/elissa/ADFA/ADFA-ODT/SourceDocs/KotlinDocs/html/images/reformat-code.png	PNG	48556	886	673	RGBA	32	kotlin_compressed/reformat-code.png	21701	886	673	RGB	24	optipng	optipng -out kotlin_compressed/reformat-code.png  /home/elissa/ADFA/ADFA-ODT/SourceDocs/KotlinDocs/html/images/reformat-code.png		0.00887680500454735
/home/elissa/ADFA/ADFA-ODT/SourceDocs/KotlinDocs/html/images/github-notebook.png	PNG	337984	2678	1654	RGBA	32	kotlin_compressed/github-notebook.png	191953	2678	1654	RGB	24	optipng	optipng -out kotlin_compressed/github-notebook.png  /home/elissa/ADFA/ADFA-ODT/SourceDocs/KotlinDocs/html/images/github-notebook.png		0.039245549007318914
/home/elissa/ADFA/ADFA-ODT/SourceDocs/KotlinDocs/html/images/ki-shell-highlight-completion.png	PNG	46319	1400	240	RGBA	32	kotlin_compressed/ki-shell-highlight-completion.png	27029	1400	240	RGB	24	optipng	optipng -out kotlin_compressed/ki-shell-highlight-completion.png  /home/elissa/ADFA/ADFA-ODT/SourceDocs/KotlinDocs/html/images/ki-shell-highlight-completion.png		0.005895644993870519
/home/elissa/ADFA/ADFA-ODT/SourceDocs/KotlinDocs/html/images/k2-mode.png	PNG	18573	540	154	RGBA	32	kotlin_compressed/k2-mode.png	10521	540	154	RGB	24	optipng	optipng -out kotlin_compressed/k2-mode.png  /home/elissa/ADFA/ADFA-ODT/SourceDocs/KotlinDocs/html/images/k2-mode.png		0.002266559997224249
/home/elissa/ADFA/ADFA-ODT/SourceDocs/KotlinDocs/html/images/comparison-of-full-and-precise-backups.png	PNG	323559	3436	1160	RGBA	32	kotlin_compressed/comparison-of-full-and-precise-backups.png	221762	3436	1160	RGB	24	optipng	optipng -out kotlin_compressed/comparison-of-full-and-precise-backups.png  /home/elissa/ADFA/ADFA-ODT/SourceDocs/KotlinDocs/html/images/comparison-of-full-and-precise-backups.png		0.040930785005912185
/home/elissa/ADFA/ADFA-ODT/SourceDocs/KotlinDocs/html/images/execute-post-requests.png	PNG	534689	2942	1686	RGBA	32	kotlin_compressed/execute-post-requests.png	365161	2942	1686	RGBA	32	optipng	optipng -out kotlin_compressed/execute-post-requests.png  /home/elissa/ADFA/ADFA-ODT/SourceDocs/KotlinDocs/html/images/execute-post-requests.png		0.038439811003627256
/home/elissa/ADFA/ADFA-ODT/SourceDocs/KotlinDocs/html/images/kotlin-user-group-avatar.png	PNG	8511	501	501	RGB	24	kotlin_compressed/kotlin-user-group-avatar.png	6729	501	501	RGB	24	optipng	optipng -out kotlin_compressed/kotlin-user-group-avatar.png  /home/elissa/ADFA/ADFA-ODT/SourceDocs/KotlinDocs/html/images/kotlin-user-group-avatar.png		0.003469736999250017
/home/elissa/ADFA/ADFA-ODT/SourceDocs/KotlinDocs/html/images/coroutine-debugger-wn.png	PNG	372505	2800	612	RGBA	32	kotlin_compressed/coroutine-debugger-wn.png	225153	2800	612	RGB	24	optipng	optipng -out kotlin_compressed/coroutine-debugger-wn.png  /home/elissa/ADFA/ADFA-ODT/SourceDocs/KotlinDocs/html/images/coroutine-debugger-wn.png		0.0221312920039054
/home/elissa/ADFA/ADFA-ODT/SourceDocs/KotlinDocs/html/images/new-kotlin-file.png	PNG	84283	804	458	RGBA	32	kotlin_compressed/new-kotlin-file.png	58422	804	458	RGB	24	optipng	optipng -out kotlin_compressed/new-kotlin-file.png  /home/elissa/ADFA/ADFA-ODT/SourceDocs/KotlinDocs/html/images/new-kotlin-file.png		0.004838695007492788
/home/elissa/ADFA/ADFA-ODT/SourceDocs/KotlinDocs/html/images/gradle-kts-standalone.png	PNG	182034	1585	319	RGBA	32	kotlin_compressed/gradle-kts-standalone.png	126822	1585	319	RGB	24	optipng	optipng -out kotlin_compressed/gradle-kts-standalone.png  /home/elissa/ADFA/ADFA-ODT/SourceDocs/KotlinDocs/html/images/gradle-kts-standalone.png		0.0076938439888181165
/home/elissa/ADFA/ADFA-ODT/SourceDocs/KotlinDocs/html/images/wasm-compose-web-wizard.png	PNG	97409	900	1308	RGBA	32	kotlin_compressed/wasm-compose-web-wizard.png	56688	900	1308	RGB	24	optipng	optipng -out kotlin_compressed/wasm-compose-web-wizard.png  /home/elissa/ADFA/ADFA-ODT/SourceDocs/KotlinDocs/html/images/wasm-compose-web-wizard.png		0.011835131997941062
/home/elissa/ADFA/ADFA-ODT/SourceDocs/KotlinDocs/html/images/social-buttons.png	PNG	736650	2024	1344	RGBA	32	kotlin_compressed/social-buttons.png	545573	2024	1344	RGB	24	optipng	optipng -out kotlin_compressed/social-buttons.png  /home/elissa/ADFA/ADFA-ODT/SourceDocs/KotlinDocs/html/images/social-buttons.png		0.034015602999716066
/home/elissa/ADFA/ADFA-ODT/SourceDocs/KotlinDocs/html/images/jvm-new-gradle-project-advanced.png	PNG	306961	1658	1596	RGBA	32	kotlin_compressed/jvm-new-gradle-project-advanced.png	174514	1658	1596	RGB	24	optipng	optipng -out kotlin_compressed/jvm-new-gradle-project-advanced.png  /home/elissa/ADFA/ADFA-ODT/SourceDocs/KotlinDocs/html/images/jvm-new-gradle-project-advanced.png		0.02542665299552027
/home/elissa/ADFA/ADFA-ODT/SourceDocs/KotlinDocs/html/images/kotlin-user-group.png	PNG	1225913	3073	1962	RGB	24	kotlin_compressed/kotlin-user-group.png	1209920	3073	1962	RGB	24	optipng	optipng -out kotlin_compressed/kotlin-user-group.png  /home/elissa/ADFA/ADFA-ODT/SourceDocs/KotlinDocs/html/images/kotlin-user-group.png		0.06039794199750759
/home/elissa/ADFA/ADFA-ODT/SourceDocs/KotlinDocs/html/images/visualization-dataframe-temperature.png	PNG	37378	904	330	RGBA	32	kotlin_compressed/visualization-dataframe-temperature.png	16156	904	330	P	8	optipng	optipng -out kotlin_compressed/visualization-dataframe-temperature.png  /home/elissa/ADFA/ADFA-ODT/SourceDocs/KotlinDocs/html/images/visualization-dataframe-temperature.png		0.005690737001714297
/home/elissa/ADFA/ADFA-ODT/SourceDocs/KotlinDocs/html/images/native-project-structure.png	PNG	254551	1620	1010	RGBA	32	kotlin_compressed/native-project-structure.png	151812	1620	1010	RGB	24	optipng	optipng -out kotlin_compressed/native-project-structure.png  /home/elissa/ADFA/ADFA-ODT/SourceDocs/KotlinDocs/html/images/native-project-structure.png		0.016474838004796766
/home/elissa/ADFA/ADFA-ODT/SourceDocs/KotlinDocs/html/images/messages-in-json-format.png	PNG	88033	1776	910	RGBA	32	kotlin_compressed/messages-in-json-format.png	47187	1776	910	RGBA	32	optipng	optipng -out kotlin_compressed/messages-in-json-format.png  /home/elissa/ADFA/ADFA-ODT/SourceDocs/KotlinDocs/html/images/messages-in-json-format.png		0.011621846002526581
/home/elissa/ADFA/ADFA-ODT/SourceDocs/KotlinDocs/html/images/datalore-example.png	PNG	258385	2234	1166	RGBA	32	kotlin_compressed/datalore-example.png	146152	2234	1166	RGB	24	optipng	optipng -out kotlin_compressed/datalore-example.png  /home/elissa/ADFA/ADFA-ODT/SourceDocs/KotlinDocs/html/images/datalore-example.png		0.020927418998326175
/home/elissa/ADFA/ADFA-ODT/SourceDocs/KotlinDocs/html/images/embedded-images-output.png	PNG	34490	1020	446	RGBA	32	kotlin_compressed/embedded-images-output.png	19366	1020	446	RGB	24	optipng	optipng -out kotlin_compressed/embedded-images-output.png  /home/elissa/ADFA/ADFA-ODT/SourceDocs/KotlinDocs/html/images/embedded-images-output.png		0.005302063000272028
/home/elissa/ADFA/ADFA-ODT/SourceDocs/KotlinDocs/html/images/browser-console-output.png	PNG	274770	1912	974	RGBA	32	kotlin_compressed/browser-console-output.png	188075	1912	974	RGBA	32	optipng	optipng -out kotlin_compressed/browser-console-output.png  /home/elissa/ADFA/ADFA-ODT/SourceDocs/KotlinDocs/html/images/browser-console-output.png		0.01874382699315902
/home/elissa/ADFA/ADFA-ODT/SourceDocs/KotlinDocs/html/images/multiplatform-web-wizard.png	PNG	139963	1064	1722	RGBA	32	kotlin_compressed/multiplatform-web-wizard.png	78014	1064	1722	RGB	24	optipng	optipng -out kotlin_compressed/multiplatform-web-wizard.png  /home/elissa/ADFA/ADFA-ODT/SourceDocs/KotlinDocs/html/images/multiplatform-web-wizard.png		0.01914687000680715
/home/elissa/ADFA/ADFA-ODT/SourceDocs/KotlinDocs/html/images/browsertest-task.png	PNG	248627	2298	784	RGBA	32	kotlin_compressed/browsertest-task.png	157001	2298	784	RGB	24	optipng	optipng -out kotlin_compressed/browsertest-task.png  /home/elissa/ADFA/ADFA-ODT/SourceDocs/KotlinDocs/html/images/browsertest-task.png		0.02005436499894131
/home/elissa/ADFA/ADFA-ODT/SourceDocs/KotlinDocs/html/images/ide-console-output.png	PNG	115053	1200	732	RGBA	32	kotlin_compressed/ide-console-output.png	67090	1200	732	RGB	24	optipng	optipng -out kotlin_compressed/ide-console-output.png  /home/elissa/ADFA/ADFA-ODT/SourceDocs/KotlinDocs/html/images/ide-console-output.png		0.010861016999115236
/home/elissa/ADFA/ADFA-ODT/SourceDocs/KotlinDocs/html/images/joy-of-kotlin.png		111255	720	903	RGB	24	kotlin_compressed/joy-of-kotlin.png						optipng	optipng -out kotlin_compressed/joy-of-kotlin.png  /home/elissa/ADFA/ADFA-ODT/SourceDocs/KotlinDocs/html/images/joy-of-kotlin.png		0.0015809000033186749
/home/elissa/ADFA/ADFA-ODT/SourceDocs/KotlinDocs/html/images/add-dataframe-dependency.png	PNG	395414	3220	1254	RGBA	32	kotlin_compressed/add-dataframe-dependency.png	245349	3220	1254	RGB	24	optipng	optipng -out kotlin_compressed/add-dataframe-dependency.png  /home/elissa/ADFA/ADFA-ODT/SourceDocs/KotlinDocs/html/images/add-dataframe-dependency.png		1.8175786450010492
/home/elissa/ADFA/ADFA-ODT/SourceDocs/KotlinDocs/html/images/jvm-output-gradle.png	PNG	58633	1270	552	RGBA	32	kotlin_compressed/jvm-output-gradle.png	33582	1270	552	RGBA	32	optipng	optipng -out kotlin_compressed/jvm-output-gradle.png  /home/elissa/ADFA/ADFA-ODT/SourceDocs/KotlinDocs/html/images/jvm-output-gradle.png		0.2566079929965781
/home/elissa/ADFA/ADFA-ODT/SourceDocs/KotlinDocs/html/images/jvm-output-2.png	PNG	66683	1170	706	RGBA	32	kotlin_compressed/jvm-output-2.png	36368	1170	706	RGB	24	optipng	optipng -out kotlin_compressed/jvm-output-2.png  /home/elissa/ADFA/ADFA-ODT/SourceDocs/KotlinDocs/html/images/jvm-output-2.png		0.29459843099175487
/home/elissa/ADFA/ADFA-ODT/SourceDocs/KotlinDocs/html/images/new-java-class.png	PNG	111005	806	598	RGBA	32	kotlin_compressed/new-java-class.png	75011	806	598	RGB	24	optipng	optipng -out kotlin_compressed/new-java-class.png  /home/elissa/ADFA/ADFA-ODT/SourceDocs/KotlinDocs/html/images/new-java-class.png		0.42667238500143867
/home/elissa/ADFA/ADFA-ODT/SourceDocs/KotlinDocs/html/images/wasm-step-over.png	PNG	4582	64	64	RGBA	32	kotlin_compressed/wasm-step-over.png	4110	64	64	P	8	optipng	optipng -out kotlin_compressed/wasm-step-over.png  /home/elissa/ADFA/ADFA-ODT/SourceDocs/KotlinDocs/html/images/wasm-step-over.png		0.0033092619996750727
/home/elissa/ADFA/ADFA-ODT/SourceDocs/KotlinDocs/html/images/jvm-new-gradle-project.png	PNG	248742	1592	1404	RGBA	32	kotlin_compressed/jvm-new-gradle-project.png	141114	1592	1404	RGB	24	optipng	optipng -out kotlin_compressed/jvm-new-gradle-project.png  /home/elissa/ADFA/ADFA-ODT/SourceDocs/KotlinDocs/html/images/jvm-new-gradle-project.png		0.9344978309964063
/home/elissa/ADFA/ADFA-ODT/SourceDocs/KotlinDocs/html/images/continuous-mode.png	PNG	161472	1628	1046	RGBA	32	kotlin_compressed/continuous-mode.png	94463	1628	1046	RGB	24	optipng	optipng -out kotlin_compressed/continuous-mode.png  /home/elissa/ADFA/ADFA-ODT/SourceDocs/KotlinDocs/html/images/continuous-mode.png		0.7267769230093108
/home/elissa/ADFA/ADFA-ODT/SourceDocs/KotlinDocs/html/images/github-release-link.png	PNG	144396	1064	600	RGBA	32	kotlin_compressed/github-release-link.png	96239	1064	600	RGB	24	optipng	optipng -out kotlin_compressed/github-release-link.png  /home/elissa/ADFA/ADFA-ODT/SourceDocs/KotlinDocs/html/images/github-release-link.png		0.5350974819884868
/home/elissa/ADFA/ADFA-ODT/SourceDocs/KotlinDocs/html/images/data-analysis-dataframe-example.png	PNG	305806	2114	1722	RGBA	32	kotlin_compressed/data-analysis-dataframe-example.png	179930	2114	1722	RGB	24	optipng	optipng -out kotlin_compressed/data-analysis-dataframe-example.png  /home/elissa/ADFA/ADFA-ODT/SourceDocs/KotlinDocs/html/images/data-analysis-dataframe-example.png		1.447555052000098
/home/elissa/ADFA/ADFA-ODT/SourceDocs/KotlinDocs/html/images/scratch-repl.png	PNG	463467	4800	1293	RGBA	32	kotlin_compressed/scratch-repl.png	295808	4800	1293	RGB	24	optipng	optipng -out kotlin_compressed/scratch-repl.png  /home/elissa/ADFA/ADFA-ODT/SourceDocs/KotlinDocs/html/images/scratch-repl.png		1.6797200800065184
/home/elissa/ADFA/ADFA-ODT/SourceDocs/KotlinDocs/html/images/disable-sandboxing-in-xcode-project-settings.png	PNG	145868	1610	494	RGBA	32	kotlin_compressed/disable-sandboxing-in-xcode-project-settings.png	88298	1610	494	RGB	24	optipng	optipng -out kotlin_compressed/disable-sandboxing-in-xcode-project-settings.png  /home/elissa/ADFA/ADFA-ODT/SourceDocs/KotlinDocs/html/images/disable-sandboxing-in-xcode-project-settings.png		0.47670714899140876
/home/elissa/ADFA/ADFA-ODT/SourceDocs/KotlinDocs/html/images/cli-output.png	PNG	529825	3840	2160	RGBA	32	kotlin_compressed/cli-output.png	259485	3840	2160	RGB	24	optipng	optipng -out kotlin_compressed/cli-output.png  /home/elissa/ADFA/ADFA-ODT/SourceDocs/KotlinDocs/html/images/cli-output.png		2.4742326749983476
/home/elissa/ADFA/ADFA-ODT/SourceDocs/KotlinDocs/html/images/wasm-1-9-0-size-improvements.png	PNG	38808	1920	1080	RGB	24	kotlin_compressed/wasm-1-9-0-size-improvements.png	36071	1920	1080	RGB	24	optipng	optipng -out kotlin_compressed/wasm-1-9-0-size-improvements.png  /home/elissa/ADFA/ADFA-ODT/SourceDocs/KotlinDocs/html/images/wasm-1-9-0-size-improvements.png		0.6022976409876719
/home/elissa/ADFA/ADFA-ODT/SourceDocs/KotlinDocs/html/images/gaussian-distribution-output.png	PNG	76212	1280	1132	RGBA	32	kotlin_compressed/gaussian-distribution-output.png	43516	1280	1132	RGB	24	optipng	optipng -out kotlin_compressed/gaussian-distribution-output.png  /home/elissa/ADFA/ADFA-ODT/SourceDocs/KotlinDocs/html/images/gaussian-distribution-output.png		0.6216809589968761
/home/elissa/ADFA/ADFA-ODT/SourceDocs/KotlinDocs/html/images/multiplatform-project-1-wn.png	PNG	257889	2046	1120	RGBA	32	kotlin_compressed/multiplatform-project-1-wn.png	152777	2046	1120	RGB	24	optipng	optipng -out kotlin_compressed/multiplatform-project-1-wn.png  /home/elissa/ADFA/ADFA-ODT/SourceDocs/KotlinDocs/html/images/multiplatform-project-1-wn.png		1.0995883099967614
/home/elissa/ADFA/ADFA-ODT/SourceDocs/KotlinDocs/html/images/wasm-gradle-task-window-compose.png	PNG	124824	1144	798	RGBA	32	kotlin_compressed/wasm-gradle-task-window-compose.png	68918	1144	798	RGB	24	optipng	optipng -out kotlin_compressed/wasm-gradle-task-window-compose.png  /home/elissa/ADFA/ADFA-ODT/SourceDocs/KotlinDocs/html/images/wasm-gradle-task-window-compose.png		0.47637872699124273
/home/elissa/ADFA/ADFA-ODT/SourceDocs/KotlinDocs/html/images/native-output.png	PNG	167358	1386	1330	RGBA	32	kotlin_compressed/native-output.png	97660	1386	1330	RGB	24	optipng	optipng -out kotlin_compressed/native-output.png  /home/elissa/ADFA/ADFA-ODT/SourceDocs/KotlinDocs/html/images/native-output.png		1.004402514998219
/home/elissa/ADFA/ADFA-ODT/SourceDocs/KotlinDocs/html/images/kandy-library.png	PNG	223483	1700	1604	RGBA	32	kotlin_compressed/kandy-library.png	127817	1700	1604	RGB	24	optipng	optipng -out kotlin_compressed/kandy-library.png  /home/elissa/ADFA/ADFA-ODT/SourceDocs/KotlinDocs/html/images/kandy-library.png		0.8734431540069636
/home/elissa/ADFA/ADFA-ODT/SourceDocs/KotlinDocs/html/images/run-gradle-task.png	PNG	563086	3840	2160	RGBA	32	kotlin_compressed/run-gradle-task.png	274056	3840	2160	RGB	24	optipng	optipng -out kotlin_compressed/run-gradle-task.png  /home/elissa/ADFA/ADFA-ODT/SourceDocs/KotlinDocs/html/images/run-gradle-task.png		2.57511769499979
/home/elissa/ADFA/ADFA-ODT/SourceDocs/KotlinDocs/html/images/kotlin-multiline-output.png	PNG	48323	1762	236	RGBA	32	kotlin_compressed/kotlin-multiline-output.png	28931	1762	236	RGB	24	optipng	optipng -out kotlin_compressed/kotlin-multiline-output.png  /home/elissa/ADFA/ADFA-ODT/SourceDocs/KotlinDocs/html/images/kotlin-multiline-output.png		0.2514750459959032
/home/elissa/ADFA/ADFA-ODT/SourceDocs/KotlinDocs/html/images/wasm-debug-scope.png	PNG	309383	1496	1380	RGBA	32	kotlin_compressed/wasm-debug-scope.png	185141	1496	1380	RGB	24	optipng	optipng -out kotlin_compressed/wasm-debug-scope.png  /home/elissa/ADFA/ADFA-ODT/SourceDocs/KotlinDocs/html/images/wasm-debug-scope.png		1.4320111740089487
/home/elissa/ADFA/ADFA-ODT/SourceDocs/KotlinDocs/html/images/kotlin-user-group-logo.png	PNG	50488	2327	961	RGB	24	kotlin_compressed/kotlin-user-group-logo.png	43599	2327	961	RGB	24	optipng	optipng -out kotlin_compressed/kotlin-user-group-logo.png  /home/elissa/ADFA/ADFA-ODT/SourceDocs/KotlinDocs/html/images/kotlin-user-group-logo.png		0.782969392996165
/home/elissa/ADFA/ADFA-ODT/SourceDocs/KotlinDocs/html/images/multiplatform-hierarchy-completion.png	PNG	107457	514	556	RGBA	32	kotlin_compressed/multiplatform-hierarchy-completion.png	35003	514	556	P	8	optipng	optipng -out kotlin_compressed/multiplatform-hierarchy-completion.png  /home/elissa/ADFA/ADFA-ODT/SourceDocs/KotlinDocs/html/images/multiplatform-hierarchy-completion.png		0.159033450006973
/home/elissa/ADFA/ADFA-ODT/SourceDocs/KotlinDocs/html/images/jvm-run-app.png	PNG	117069	874	632	RGBA	32	kotlin_compressed/jvm-run-app.png	82921	874	632	RGB	24	optipng	optipng -out kotlin_compressed/jvm-run-app.png  /home/elissa/ADFA/ADFA-ODT/SourceDocs/KotlinDocs/html/images/jvm-run-app.png		0.5182777279987931
/home/elissa/ADFA/ADFA-ODT/SourceDocs/KotlinDocs/html/images/results-of-expanding-group-data-analysis.png	PNG	213973	2052	832	RGBA	32	kotlin_compressed/results-of-expanding-group-data-analysis.png	135586	2052	832	RGB	24	optipng	optipng -out kotlin_compressed/results-of-expanding-group-data-analysis.png  /home/elissa/ADFA/ADFA-ODT/SourceDocs/KotlinDocs/html/images/results-of-expanding-group-data-analysis.png		1.1612592619931092
/home/elissa/ADFA/ADFA-ODT/SourceDocs/KotlinDocs/html/images/kotlin-logo.png	PNG	70362	1999	434	RGBA	32	kotlin_compressed/kotlin-logo.png	62290	1999	434	RGBA	32	optipng	optipng -out kotlin_compressed/kotlin-logo.png  /home/elissa/ADFA/ADFA-ODT/SourceDocs/KotlinDocs/html/images/kotlin-logo.png		0.9458151750004617
/home/elissa/ADFA/ADFA-ODT/SourceDocs/KotlinDocs/html/images/script-deps-run-config.png	PNG	191409	2032	1183	RGBA	32	kotlin_compressed/script-deps-run-config.png	130067	2032	1183	RGBA	32	optipng	optipng -out kotlin_compressed/script-deps-run-config.png  /home/elissa/ADFA/ADFA-ODT/SourceDocs/KotlinDocs/html/images/script-deps-run-config.png		1.0762915779923787
/home/elissa/ADFA/ADFA-ODT/SourceDocs/KotlinDocs/html/images/rendering-example.png	PNG	433682	2410	1168	RGBA	32	kotlin_compressed/rendering-example.png	311957	2410	1168	RGBA	32	optipng	optipng -out kotlin_compressed/rendering-example.png  /home/elissa/ADFA/ADFA-ODT/SourceDocs/KotlinDocs/html/images/rendering-example.png		3.547588914996595
/home/elissa/ADFA/ADFA-ODT/SourceDocs/KotlinDocs/html/images/mascot-body-proportions.png	PNG	331787	1920	1080	RGB	24	kotlin_compressed/mascot-body-proportions.png	258688	1920	1080	RGB	24	optipng	optipng -out kotlin_compressed/mascot-body-proportions.png  /home/elissa/ADFA/ADFA-ODT/SourceDocs/KotlinDocs/html/images/mascot-body-proportions.png		0.9901142529997742
/home/elissa/ADFA/ADFA-ODT/SourceDocs/KotlinDocs/html/images/browser-development-run.png	PNG	158552	1952	596	RGBA	32	kotlin_compressed/browser-development-run.png	101412	1952	596	RGB	24	optipng	optipng -out kotlin_compressed/browser-development-run.png  /home/elissa/ADFA/ADFA-ODT/SourceDocs/KotlinDocs/html/images/browser-development-run.png		0.7745251640008064
/home/elissa/ADFA/ADFA-ODT/SourceDocs/KotlinDocs/html/images/kotlin-logo-guidelines.png	PNG	110162	1999	1125	RGBA	32	kotlin_compressed/kotlin-logo-guidelines.png	103311	1999	1125	RGBA	32	optipng	optipng -out kotlin_compressed/kotlin-logo-guidelines.png  /home/elissa/ADFA/ADFA-ODT/SourceDocs/KotlinDocs/html/images/kotlin-logo-guidelines.png		0.7395178880105959
/home/elissa/ADFA/ADFA-ODT/SourceDocs/KotlinDocs/html/images/devtools-sources.png	PNG	393189	1282	1306	RGBA	32	kotlin_compressed/devtools-sources.png	298457	1282	1306	RGBA	32	optipng	optipng -out kotlin_compressed/devtools-sources.png  /home/elissa/ADFA/ADFA-ODT/SourceDocs/KotlinDocs/html/images/devtools-sources.png		4.030646911007352
/home/elissa/ADFA/ADFA-ODT/SourceDocs/KotlinDocs/html/images/failed-test.png	PNG	554385	1604	1218	RGBA	32	kotlin_compressed/failed-test.png	439219	1604	1218	RGBA	32	optipng	optipng -out kotlin_compressed/failed-test.png  /home/elissa/ADFA/ADFA-ODT/SourceDocs/KotlinDocs/html/images/failed-test.png		4.251023304997943
/home/elissa/ADFA/ADFA-ODT/SourceDocs/KotlinDocs/html/images/wasm-gradle-task-window.png	PNG	83622	1000	628	RGBA	32	kotlin_compressed/wasm-gradle-task-window.png	46435	1000	628	RGB	24	optipng	optipng -out kotlin_compressed/wasm-gradle-task-window.png  /home/elissa/ADFA/ADFA-ODT/SourceDocs/KotlinDocs/html/images/wasm-gradle-task-window.png		0.331467309006257
/home/elissa/ADFA/ADFA-ODT/SourceDocs/KotlinDocs/html/images/warning-name-intention.png	PNG	115388	1030	616	RGBA	32	kotlin_compressed/warning-name-intention.png	78541	1030	616	RGB	24	optipng	optipng -out kotlin_compressed/warning-name-intention.png  /home/elissa/ADFA/ADFA-ODT/SourceDocs/KotlinDocs/html/images/warning-name-intention.png		0.4659434460045304
/home/elissa/ADFA/ADFA-ODT/SourceDocs/KotlinDocs/html/images/multiplatform-create-project-button.png	PNG	2330	700	50	RGBA	32	kotlin_compressed/multiplatform-create-project-button.png	1264	700	50	P	8	optipng	optipng -out kotlin_compressed/multiplatform-create-project-button.png  /home/elissa/ADFA/ADFA-ODT/SourceDocs/KotlinDocs/html/images/multiplatform-create-project-button.png		0.015778535002027638
/home/elissa/ADFA/ADFA-ODT/SourceDocs/KotlinDocs/html/images/run-spring-boot-application.png	PNG	434871	2486	1484	RGBA	32	kotlin_compressed/run-spring-boot-application.png	291171	2486	1484	RGBA	32	optipng	optipng -out kotlin_compressed/run-spring-boot-application.png  /home/elissa/ADFA/ADFA-ODT/SourceDocs/KotlinDocs/html/images/run-spring-boot-application.png		2.2849672229931457
/home/elissa/ADFA/ADFA-ODT/SourceDocs/KotlinDocs/html/images/kotlin-notebook-backend-development.png	PNG	181114	1302	1156	RGBA	32	kotlin_compressed/kotlin-notebook-backend-development.png	102263	1302	1156	RGB	24	optipng	optipng -out kotlin_compressed/kotlin-notebook-backend-development.png  /home/elissa/ADFA/ADFA-ODT/SourceDocs/KotlinDocs/html/images/kotlin-notebook-backend-development.png		0.7522004460042808
/home/elissa/ADFA/ADFA-ODT/SourceDocs/KotlinDocs/html/images/java-15-multiline-output.png	PNG	54754	1750	276	RGBA	32	kotlin_compressed/java-15-multiline-output.png	33003	1750	276	RGB	24	optipng	optipng -out kotlin_compressed/java-15-multiline-output.png  /home/elissa/ADFA/ADFA-ODT/SourceDocs/KotlinDocs/html/images/java-15-multiline-output.png		0.27177466699504294
/home/elissa/ADFA/ADFA-ODT/SourceDocs/KotlinDocs/html/images/native-run-gutter.png	PNG	99660	956	428	RGBA	32	kotlin_compressed/native-run-gutter.png	67589	956	428	RGB	24	optipng	optipng -out kotlin_compressed/native-run-gutter.png  /home/elissa/ADFA/ADFA-ODT/SourceDocs/KotlinDocs/html/images/native-run-gutter.png		0.38055727900064085
/home/elissa/ADFA/ADFA-ODT/SourceDocs/KotlinDocs/html/images/spring-application-response.png	PNG	67710	1764	782	RGBA	32	kotlin_compressed/spring-application-response.png	34344	1764	782	RGBA	32	optipng	optipng -out kotlin_compressed/spring-application-response.png  /home/elissa/ADFA/ADFA-ODT/SourceDocs/KotlinDocs/html/images/spring-application-response.png		0.4853202640078962
/home/elissa/ADFA/ADFA-ODT/SourceDocs/KotlinDocs/html/images/ki-shell-type.png	PNG	27532	1400	160	RGBA	32	kotlin_compressed/ki-shell-type.png	16037	1400	160	RGB	24	optipng	optipng -out kotlin_compressed/ki-shell-type.png  /home/elissa/ADFA/ADFA-ODT/SourceDocs/KotlinDocs/html/images/ki-shell-type.png		0.11960314199677669
/home/elissa/ADFA/ADFA-ODT/SourceDocs/KotlinDocs/html/images/scratch-interactive.png	PNG	49176	1616	342	RGBA	32	kotlin_compressed/scratch-interactive.png	30842	1616	342	RGB	24	optipng	optipng -out kotlin_compressed/scratch-interactive.png  /home/elissa/ADFA/ADFA-ODT/SourceDocs/KotlinDocs/html/images/scratch-interactive.png		0.27445799599809106
/home/elissa/ADFA/ADFA-ODT/SourceDocs/KotlinDocs/html/images/wasm-step-into.png	PNG	4490	62	62	RGBA	32	kotlin_compressed/wasm-step-into.png	4091	62	62	P	8	optipng	optipng -out kotlin_compressed/wasm-step-into.png  /home/elissa/ADFA/ADFA-ODT/SourceDocs/KotlinDocs/html/images/wasm-step-into.png		0.002837289997842163
/home/elissa/ADFA/ADFA-ODT/SourceDocs/KotlinDocs/html/images/create-test.png	PNG	105939	878	828	RGBA	32	kotlin_compressed/create-test.png	66983	878	828	RGBA	32	optipng	optipng -out kotlin_compressed/create-test.png  /home/elissa/ADFA/ADFA-ODT/SourceDocs/KotlinDocs/html/images/create-test.png		0.4337851989985211
/home/elissa/ADFA/ADFA-ODT/SourceDocs/KotlinDocs/html/images/spring-boot-project-view.png	PNG	157174	722	1024	RGBA	32	kotlin_compressed/spring-boot-project-view.png	77584	722	1024	RGBA	32	optipng	optipng -out kotlin_compressed/spring-boot-project-view.png  /home/elissa/ADFA/ADFA-ODT/SourceDocs/KotlinDocs/html/images/spring-boot-project-view.png		0.6291944740078179
/home/elissa/ADFA/ADFA-ODT/SourceDocs/KotlinDocs/html/images/wasm-composeapp-directory.png	PNG	81576	914	726	RGBA	32	kotlin_compressed/wasm-composeapp-directory.png	44670	914	726	RGB	24	optipng	optipng -out kotlin_compressed/wasm-composeapp-directory.png  /home/elissa/ADFA/ADFA-ODT/SourceDocs/KotlinDocs/html/images/wasm-composeapp-directory.png		0.35824947099899873
/home/elissa/ADFA/ADFA-ODT/SourceDocs/KotlinDocs/html/images/github-release-description.png	PNG	166522	1878	1534	RGBA	32	kotlin_compressed/github-release-description.png	78763	1878	1534	RGB	24	optipng	optipng -out kotlin_compressed/github-release-description.png  /home/elissa/ADFA/ADFA-ODT/SourceDocs/KotlinDocs/html/images/github-release-description.png		0.9445123409968801
/home/elissa/ADFA/ADFA-ODT/SourceDocs/KotlinDocs/html/images/run-debug-configurations.png	PNG	415127	1944	1420	RGBA	32	kotlin_compressed/run-debug-configurations.png	298980	1944	1420	RGBA	32	optipng	optipng -out kotlin_compressed/run-debug-configurations.png  /home/elissa/ADFA/ADFA-ODT/SourceDocs/KotlinDocs/html/images/run-debug-configurations.png		3.805960707992199
/home/elissa/ADFA/ADFA-ODT/SourceDocs/KotlinDocs/html/images/gradle-kts-load-config.png	PNG	171083	1565	276	RGBA	32	kotlin_compressed/gradle-kts-load-config.png	118640	1565	276	RGB	24	optipng	optipng -out kotlin_compressed/gradle-kts-load-config.png  /home/elissa/ADFA/ADFA-ODT/SourceDocs/KotlinDocs/html/images/gradle-kts-load-config.png		0.45479222299763933
/home/elissa/ADFA/ADFA-ODT/SourceDocs/KotlinDocs/html/images/edit-configurations-continuous.png	PNG	231614	2024	612	RGBA	32	kotlin_compressed/edit-configurations-continuous.png	153249	2024	612	RGB	24	optipng	optipng -out kotlin_compressed/edit-configurations-continuous.png  /home/elissa/ADFA/ADFA-ODT/SourceDocs/KotlinDocs/html/images/edit-configurations-continuous.png		0.9089148830098566
/home/elissa/ADFA/ADFA-ODT/SourceDocs/KotlinDocs/html/images/gradle-sync.png	PNG	30222	1570	78	RGBA	32	kotlin_compressed/gradle-sync.png	17700	1570	78	RGB	24	optipng	optipng -out kotlin_compressed/gradle-sync.png  /home/elissa/ADFA/ADFA-ODT/SourceDocs/KotlinDocs/html/images/gradle-sync.png		0.11985847799223848
/home/elissa/ADFA/ADFA-ODT/SourceDocs/KotlinDocs/html/images/migration-inspection-wn.png	PNG	84437	1902	544	RGBA	32	kotlin_compressed/migration-inspection-wn.png	51485	1902	544	RGB	24	optipng	optipng -out kotlin_compressed/migration-inspection-wn.png  /home/elissa/ADFA/ADFA-ODT/SourceDocs/KotlinDocs/html/images/migration-inspection-wn.png		0.4551641500002006
/home/elissa/ADFA/ADFA-ODT/SourceDocs/KotlinDocs/html/images/collections-diagram.png	PNG	77140	1627	1245	RGBA	32	kotlin_compressed/collections-diagram.png	67525	1627	1245	RGBA	32	optipng	optipng -out kotlin_compressed/collections-diagram.png  /home/elissa/ADFA/ADFA-ODT/SourceDocs/KotlinDocs/html/images/collections-diagram.png		0.8521645000000717
/home/elissa/ADFA/ADFA-ODT/SourceDocs/KotlinDocs/html/images/latex-output.png	PNG	7177	652	118	RGBA	32	kotlin_compressed/latex-output.png	2958	652	118	P	8	optipng	optipng -out kotlin_compressed/latex-output.png  /home/elissa/ADFA/ADFA-ODT/SourceDocs/KotlinDocs/html/images/latex-output.png		0.0298272329964675
/home/elissa/ADFA/ADFA-ODT/SourceDocs/KotlinDocs/html/images/gradle-build-scan-k2.png	PNG	169386	2146	840	RGBA	32	kotlin_compressed/gradle-build-scan-k2.png	92317	2146	840	RGB	24	optipng	optipng -out kotlin_compressed/gradle-build-scan-k2.png  /home/elissa/ADFA/ADFA-ODT/SourceDocs/KotlinDocs/html/images/gradle-build-scan-k2.png		0.670897074000095
/home/elissa/ADFA/ADFA-ODT/SourceDocs/KotlinDocs/html/images/external-images-output.png	PNG	27745	848	180	RGBA	32	kotlin_compressed/external-images-output.png	13936	848	180	RGB	24	optipng	optipng -out kotlin_compressed/external-images-output.png  /home/elissa/ADFA/ADFA-ODT/SourceDocs/KotlinDocs/html/images/external-images-output.png		0.09370207499887329
/home/elissa/ADFA/ADFA-ODT/SourceDocs/KotlinDocs/html/images/wasm-breakpoints.png	PNG	193676	1912	720	RGBA	32	kotlin_compressed/wasm-breakpoints.png	114987	1912	720	RGB	24	optipng	optipng -out kotlin_compressed/wasm-breakpoints.png  /home/elissa/ADFA/ADFA-ODT/SourceDocs/KotlinDocs/html/images/wasm-breakpoints.png		0.8468066210043617
/home/elissa/ADFA/ADFA-ODT/SourceDocs/KotlinDocs/html/images/jvm-gradle-view-build.png	PNG	146691	1344	1102	RGBA	32	kotlin_compressed/jvm-gradle-view-build.png	86280	1344	1102	RGBA	32	optipng	optipng -out kotlin_compressed/jvm-gradle-view-build.png  /home/elissa/ADFA/ADFA-ODT/SourceDocs/KotlinDocs/html/images/jvm-gradle-view-build.png		0.6878520830068737
/home/elissa/ADFA/ADFA-ODT/SourceDocs/KotlinDocs/html/images/disable-sandboxing-cocoapods.png	PNG	130469	2116	436	RGBA	32	kotlin_compressed/disable-sandboxing-cocoapods.png	79669	2116	436	RGB	24	optipng	optipng -out kotlin_compressed/disable-sandboxing-cocoapods.png  /home/elissa/ADFA/ADFA-ODT/SourceDocs/KotlinDocs/html/images/disable-sandboxing-cocoapods.png		0.49447130601038225
/home/elissa/ADFA/ADFA-ODT/SourceDocs/KotlinDocs/html/images/java-source-paths.png	PNG	37608	382	528	RGBA	32	kotlin_compressed/java-source-paths.png	20552	382	528	RGB	24	optipng	optipng -out kotlin_compressed/java-source-paths.png  /home/elissa/ADFA/ADFA-ODT/SourceDocs/KotlinDocs/html/images/java-source-paths.png		0.16723371999978554
/home/elissa/ADFA/ADFA-ODT/SourceDocs/KotlinDocs/html/images/kotlin-notebook-prototyping.png	PNG	301975	1700	1798	RGBA	32	kotlin_compressed/kotlin-notebook-prototyping.png	192753	1700	1798	RGB	24	optipng	optipng -out kotlin_compressed/kotlin-notebook-prototyping.png  /home/elissa/ADFA/ADFA-ODT/SourceDocs/KotlinDocs/html/images/kotlin-notebook-prototyping.png		1.585418432005099
/home/elissa/ADFA/ADFA-ODT/SourceDocs/KotlinDocs/html/images/autocompletion-feature-notebook.png	PNG	79314	1910	334	RGBA	32	kotlin_compressed/autocompletion-feature-notebook.png	56179	1910	334	RGB	24	optipng	optipng -out kotlin_compressed/autocompletion-feature-notebook.png  /home/elissa/ADFA/ADFA-ODT/SourceDocs/KotlinDocs/html/images/autocompletion-feature-notebook.png		0.3212130470055854
/home/elissa/ADFA/ADFA-ODT/SourceDocs/KotlinDocs/html/images/load-gradle-changes.png	PNG	56826	590	314	RGBA	32	kotlin_compressed/load-gradle-changes.png	37671	590	314	RGB	24	optipng	optipng -out kotlin_compressed/load-gradle-changes.png  /home/elissa/ADFA/ADFA-ODT/SourceDocs/KotlinDocs/html/images/load-gradle-changes.png		0.18430707999505103
/home/elissa/ADFA/ADFA-ODT/SourceDocs/KotlinDocs/html/images/src-directory-diagram.png	PNG	34675	590	394	RGBA	32	kotlin_compressed/src-directory-diagram.png	19401	590	394	RGB	24	optipng	optipng -out kotlin_compressed/src-directory-diagram.png  /home/elissa/ADFA/ADFA-ODT/SourceDocs/KotlinDocs/html/images/src-directory-diagram.png		0.15022804599720985
/home/elissa/ADFA/ADFA-ODT/SourceDocs/KotlinDocs/html/images/first-notebook.png	PNG	163546	1716	1258	RGBA	32	kotlin_compressed/first-notebook.png	87931	1716	1258	RGB	24	optipng	optipng -out kotlin_compressed/first-notebook.png  /home/elissa/ADFA/ADFA-ODT/SourceDocs/KotlinDocs/html/images/first-notebook.png		0.7773361010040389
/home/elissa/ADFA/ADFA-ODT/SourceDocs/KotlinDocs/html/images/lets-plot-overview.png	PNG	131634	991	686	RGBA	32	kotlin_compressed/lets-plot-overview.png	73726	991	686	RGB	24	optipng	optipng -out kotlin_compressed/lets-plot-overview.png  /home/elissa/ADFA/ADFA-ODT/SourceDocs/KotlinDocs/html/images/lets-plot-overview.png		0.5677015980036231
/home/elissa/ADFA/ADFA-ODT/SourceDocs/KotlinDocs/html/images/deployment-to-production.png	PNG	297440	1872	1074	RGBA	32	kotlin_compressed/deployment-to-production.png	180036	1872	1074	RGB	24	optipng	optipng -out kotlin_compressed/deployment-to-production.png  /home/elissa/ADFA/ADFA-ODT/SourceDocs/KotlinDocs/html/images/deployment-to-production.png		1.2121307130000787
/home/elissa/ADFA/ADFA-ODT/SourceDocs/KotlinDocs/html/images/jvm-new-project.png	PNG	317504	1830	1742	RGBA	32	kotlin_compressed/jvm-new-project.png	193972	1830	1742	RGBA	32	optipng	optipng -out kotlin_compressed/jvm-new-project.png  /home/elissa/ADFA/ADFA-ODT/SourceDocs/KotlinDocs/html/images/jvm-new-project.png		1.4774669030011864
/home/elissa/ADFA/ADFA-ODT/SourceDocs/KotlinDocs/html/images/kotlin-analysis.png	PNG	422761	2144	1268	RGBA	32	kotlin_compressed/kotlin-analysis.png	266969	2144	1268	RGB	24	optipng	optipng -out kotlin_compressed/kotlin-analysis.png  /home/elissa/ADFA/ADFA-ODT/SourceDocs/KotlinDocs/html/images/kotlin-analysis.png		1.8417068840062711
/home/elissa/ADFA/ADFA-ODT/SourceDocs/KotlinDocs/html/images/bufferedimage-output.png	PNG	15207	912	652	RGBA	32	kotlin_compressed/bufferedimage-output.png	2874	912	652	P	8	optipng	optipng -out kotlin_compressed/bufferedimage-output.png  /home/elissa/ADFA/ADFA-ODT/SourceDocs/KotlinDocs/html/images/bufferedimage-output.png		0.07978515399736352
/home/elissa/ADFA/ADFA-ODT/SourceDocs/KotlinDocs/html/images/expect-actual-gutter.png	PNG	96492	1594	325	RGBA	32	kotlin_compressed/expect-actual-gutter.png	71265	1594	325	RGBA	32	optipng	optipng -out kotlin_compressed/expect-actual-gutter.png  /home/elissa/ADFA/ADFA-ODT/SourceDocs/KotlinDocs/html/images/expect-actual-gutter.png		0.44582769500266295
/home/elissa/ADFA/ADFA-ODT/SourceDocs/KotlinDocs/html/images/accessing-sourse-sets.png	PNG	186630	1602	715	RGBA	32	kotlin_compressed/accessing-sourse-sets.png	143467	1602	715	RGBA	32	optipng	optipng -out kotlin_compressed/accessing-sourse-sets.png  /home/elissa/ADFA/ADFA-ODT/SourceDocs/KotlinDocs/html/images/accessing-sourse-sets.png		0.6162277800031006
/home/elissa/ADFA/ADFA-ODT/SourceDocs/KotlinDocs/html/images/xcode-filled-run-script-action.png	PNG	153255	1856	998	RGBA	32	kotlin_compressed/xcode-filled-run-script-action.png	86454	1856	998	RGB	24	optipng	optipng -out kotlin_compressed/xcode-filled-run-script-action.png  /home/elissa/ADFA/ADFA-ODT/SourceDocs/KotlinDocs/html/images/xcode-filled-run-script-action.png		0.660530592998839
/home/elissa/ADFA/ADFA-ODT/SourceDocs/KotlinDocs/html/images/native-gc-signposts.png	PNG	772748	2440	1991	RGBA	32	kotlin_compressed/native-gc-signposts.png	500793	2440	1991	RGBA	32	optipng	optipng -out kotlin_compressed/native-gc-signposts.png  /home/elissa/ADFA/ADFA-ODT/SourceDocs/KotlinDocs/html/images/native-gc-signposts.png		3.627221789996838
/home/elissa/ADFA/ADFA-ODT/SourceDocs/KotlinDocs/html/images/kotlin-notebook-documentation.png	PNG	176322	1506	1070	RGBA	32	kotlin_compressed/kotlin-notebook-documentation.png	105880	1506	1070	RGB	24	optipng	optipng -out kotlin_compressed/kotlin-notebook-documentation.png  /home/elissa/ADFA/ADFA-ODT/SourceDocs/KotlinDocs/html/images/kotlin-notebook-documentation.png		0.8905783810041612
/home/elissa/ADFA/ADFA-ODT/SourceDocs/KotlinDocs/html/images/ki-shell-dependency.png	PNG	79289	1400	532	RGBA	32	kotlin_compressed/ki-shell-dependency.png	44683	1400	532	RGB	24	optipng	optipng -out kotlin_compressed/ki-shell-dependency.png  /home/elissa/ADFA/ADFA-ODT/SourceDocs/KotlinDocs/html/images/ki-shell-dependency.png		0.32902052999997977
/home/elissa/ADFA/ADFA-ODT/SourceDocs/KotlinDocs/html/images/gradle-build-scan-k1.png	PNG	171776	2190	612	RGBA	32	kotlin_compressed/gradle-build-scan-k1.png	96909	2190	612	RGB	24	optipng	optipng -out kotlin_compressed/gradle-build-scan-k1.png  /home/elissa/ADFA/ADFA-ODT/SourceDocs/KotlinDocs/html/images/gradle-build-scan-k1.png		0.5559521929972107
/home/elissa/ADFA/ADFA-ODT/SourceDocs/KotlinDocs/html/images/test-failed.png	PNG	129992	1642	690	RGBA	32	kotlin_compressed/test-failed.png	82054	1642	690	RGBA	32	optipng	optipng -out kotlin_compressed/test-failed.png  /home/elissa/ADFA/ADFA-ODT/SourceDocs/KotlinDocs/html/images/test-failed.png		0.5696807719941717
/home/elissa/ADFA/ADFA-ODT/SourceDocs/KotlinDocs/html/images/script-deps-project-structure.png	PNG	62028	556	602	RGBA	32	kotlin_compressed/script-deps-project-structure.png	39799	556	602	RGB	24	optipng	optipng -out kotlin_compressed/script-deps-project-structure.png  /home/elissa/ADFA/ADFA-ODT/SourceDocs/KotlinDocs/html/images/script-deps-project-structure.png		0.2827962849987671
/home/elissa/ADFA/ADFA-ODT/SourceDocs/KotlinDocs/html/images/coroutines-dump-wn.png	PNG	95793	1158	334	RGBA	32	kotlin_compressed/coroutines-dump-wn.png	59630	1158	334	RGB	24	optipng	optipng -out kotlin_compressed/coroutines-dump-wn.png  /home/elissa/ADFA/ADFA-ODT/SourceDocs/KotlinDocs/html/images/coroutines-dump-wn.png		0.36308736199862324
/home/elissa/ADFA/ADFA-ODT/SourceDocs/KotlinDocs/html/images/dependency-resolution-error.png	PNG	192472	1674	880	RGBA	32	kotlin_compressed/dependency-resolution-error.png	114475	1674	880	RGB	24	optipng	optipng -out kotlin_compressed/dependency-resolution-error.png  /home/elissa/ADFA/ADFA-ODT/SourceDocs/KotlinDocs/html/images/dependency-resolution-error.png		0.7186231149971718
/home/elissa/ADFA/ADFA-ODT/SourceDocs/KotlinDocs/html/images/playground-completion.png	PNG	314361	2040	1290	RGBA	32	kotlin_compressed/playground-completion.png	176090	2040	1290	RGB	24	optipng	optipng -out kotlin_compressed/playground-completion.png  /home/elissa/ADFA/ADFA-ODT/SourceDocs/KotlinDocs/html/images/playground-completion.png		1.2895601650088793
/home/elissa/ADFA/ADFA-ODT/SourceDocs/KotlinDocs/html/images/structured-layout.png	PNG	116778	1832	774	RGBA	32	kotlin_compressed/structured-layout.png	78216	1832	774	RGB	24	optipng	optipng -out kotlin_compressed/structured-layout.png  /home/elissa/ADFA/ADFA-ODT/SourceDocs/KotlinDocs/html/images/structured-layout.png		0.5153402830037521
/home/elissa/ADFA/ADFA-ODT/SourceDocs/KotlinDocs/html/images/schema-data-analysis.png	PNG	53233	1994	406	RGBA	32	kotlin_compressed/schema-data-analysis.png	29005	1994	406	RGB	24	optipng	optipng -out kotlin_compressed/schema-data-analysis.png  /home/elissa/ADFA/ADFA-ODT/SourceDocs/KotlinDocs/html/images/schema-data-analysis.png		0.2901157339947531
/home/elissa/ADFA/ADFA-ODT/SourceDocs/KotlinDocs/html/images/teamcity-metarunner.png	PNG	84912	750	338	RGBA	32	kotlin_compressed/teamcity-metarunner.png	64943	750	338	RGB	24	optipng	optipng -out kotlin_compressed/teamcity-metarunner.png  /home/elissa/ADFA/ADFA-ODT/SourceDocs/KotlinDocs/html/images/teamcity-metarunner.png		0.21667456900468096
/home/elissa/ADFA/ADFA-ODT/SourceDocs/KotlinDocs/html/images/test-successful.png	PNG	136328	1796	676	RGBA	32	kotlin_compressed/test-successful.png	86326	1796	676	RGBA	32	optipng	optipng -out kotlin_compressed/test-successful.png  /home/elissa/ADFA/ADFA-ODT/SourceDocs/KotlinDocs/html/images/test-successful.png		0.657850782998139
/home/elissa/ADFA/ADFA-ODT/SourceDocs/KotlinDocs/html/images/wasm-debug-controls.png	PNG	85477	1204	700	RGBA	32	kotlin_compressed/wasm-debug-controls.png	47535	1204	700	RGB	24	optipng	optipng -out kotlin_compressed/wasm-debug-controls.png  /home/elissa/ADFA/ADFA-ODT/SourceDocs/KotlinDocs/html/images/wasm-debug-controls.png		0.3932258040003944
/home/elissa/ADFA/ADFA-ODT/SourceDocs/KotlinDocs/html/images/playground-share.png	PNG	208333	2040	1290	RGBA	32	kotlin_compressed/playground-share.png	113287	2040	1290	RGB	24	optipng	optipng -out kotlin_compressed/playground-share.png  /home/elissa/ADFA/ADFA-ODT/SourceDocs/KotlinDocs/html/images/playground-share.png		0.9992064719990594
/home/elissa/ADFA/ADFA-ODT/SourceDocs/KotlinDocs/html/images/website-api-data.png	PNG	1165398	2282	1446	RGBA	32	kotlin_compressed/website-api-data.png	838461	2282	1446	RGB	24	optipng	optipng -out kotlin_compressed/website-api-data.png  /home/elissa/ADFA/ADFA-ODT/SourceDocs/KotlinDocs/html/images/website-api-data.png		4.830107581001357
/home/elissa/ADFA/ADFA-ODT/SourceDocs/KotlinDocs/html/images/kandy-output.png	PNG	95174	1838	782	RGBA	32	kotlin_compressed/kandy-output.png	60906	1838	782	RGB	24	optipng	optipng -out kotlin_compressed/kandy-output.png  /home/elissa/ADFA/ADFA-ODT/SourceDocs/KotlinDocs/html/images/kandy-output.png		0.6772184599976754
/home/elissa/ADFA/ADFA-ODT/SourceDocs/KotlinDocs/html/images/unresolved-java-reference.png	PNG	74324	1282	328	RGBA	32	kotlin_compressed/unresolved-java-reference.png	48835	1282	328	RGB	24	optipng	optipng -out kotlin_compressed/unresolved-java-reference.png  /home/elissa/ADFA/ADFA-ODT/SourceDocs/KotlinDocs/html/images/unresolved-java-reference.png		0.28053773699502926
/home/elissa/ADFA/ADFA-ODT/SourceDocs/KotlinDocs/html/images/scratch-select-module.png	PNG	90521	1616	340	RGBA	32	kotlin_compressed/scratch-select-module.png	62466	1616	340	RGB	24	optipng	optipng -out kotlin_compressed/scratch-select-module.png  /home/elissa/ADFA/ADFA-ODT/SourceDocs/KotlinDocs/html/images/scratch-select-module.png		0.3637777110125171
/home/elissa/ADFA/ADFA-ODT/SourceDocs/KotlinDocs/html/images/xcode-run-script-phase-3.png	PNG	138566	1610	678	RGBA	32	kotlin_compressed/xcode-run-script-phase-3.png	85059	1610	678	RGB	24	optipng	optipng -out kotlin_compressed/xcode-run-script-phase-3.png  /home/elissa/ADFA/ADFA-ODT/SourceDocs/KotlinDocs/html/images/xcode-run-script-phase-3.png		0.5582463210012065
/home/elissa/ADFA/ADFA-ODT/SourceDocs/KotlinDocs/html/images/native-output-gutter-3.png	PNG	66689	844	524	RGBA	32	kotlin_compressed/native-output-gutter-3.png	39679	844	524	RGB	24	optipng	optipng -out kotlin_compressed/native-output-gutter-3.png  /home/elissa/ADFA/ADFA-ODT/SourceDocs/KotlinDocs/html/images/native-output-gutter-3.png		0.26441304800391663
/home/elissa/ADFA/ADFA-ODT/SourceDocs/KotlinDocs/html/images/direct-html-output.png	PNG	8051	556	104	RGBA	32	kotlin_compressed/direct-html-output.png	4697	556	104	RGB	24	optipng	optipng -out kotlin_compressed/direct-html-output.png  /home/elissa/ADFA/ADFA-ODT/SourceDocs/KotlinDocs/html/images/direct-html-output.png		0.04672186500101816
/home/elissa/ADFA/ADFA-ODT/SourceDocs/KotlinDocs/html/images/iosmain-hierarchy.png	PNG	12200	716	286	RGBA	32	kotlin_compressed/iosmain-hierarchy.png	9788	716	286	RGBA	32	optipng	optipng -out kotlin_compressed/iosmain-hierarchy.png  /home/elissa/ADFA/ADFA-ODT/SourceDocs/KotlinDocs/html/images/iosmain-hierarchy.png		0.11573866999242455
/home/elissa/ADFA/ADFA-ODT/SourceDocs/KotlinDocs/html/images/wasm-composeapp-browser.png	PNG	46516	640	603	RGBA	32	kotlin_compressed/wasm-composeapp-browser.png	26558	640	603	RGBA	32	optipng	optipng -out kotlin_compressed/wasm-composeapp-browser.png  /home/elissa/ADFA/ADFA-ODT/SourceDocs/KotlinDocs/html/images/wasm-composeapp-browser.png		0.22127025299414527
/home/elissa/ADFA/ADFA-ODT/SourceDocs/KotlinDocs/html/images/xcode-new-run-script-action.png	PNG	129409	1850	998	RGBA	32	kotlin_compressed/xcode-new-run-script-action.png	76331	1850	998	RGB	24	optipng	optipng -out kotlin_compressed/xcode-new-run-script-action.png  /home/elissa/ADFA/ADFA-ODT/SourceDocs/KotlinDocs/html/images/xcode-new-run-script-action.png		0.6494153439998627
/home/elissa/ADFA/ADFA-ODT/SourceDocs/KotlinDocs/html/images/wasm-step-out.png	PNG	4529	68	66	RGBA	32	kotlin_compressed/wasm-step-out.png	4096	68	66	P	8	optipng	optipng -out kotlin_compressed/wasm-step-out.png  /home/elissa/ADFA/ADFA-ODT/SourceDocs/KotlinDocs/html/images/wasm-step-out.png		0.003966983000282198
/home/elissa/ADFA/ADFA-ODT/SourceDocs/KotlinDocs/html/images/passing-null-to-function.png	PNG	102146	1630	434	RGBA	32	kotlin_compressed/passing-null-to-function.png	69144	1630	434	RGB	24	optipng	optipng -out kotlin_compressed/passing-null-to-function.png  /home/elissa/ADFA/ADFA-ODT/SourceDocs/KotlinDocs/html/images/passing-null-to-function.png		0.39935048199549783
/home/elissa/ADFA/ADFA-ODT/SourceDocs/KotlinDocs/html/images/wasm-composeapp-browser-clickme.png	PNG	17715	639	404	RGBA	32	kotlin_compressed/wasm-composeapp-browser-clickme.png	9371	639	404	RGBA	32	optipng	optipng -out kotlin_compressed/wasm-composeapp-browser-clickme.png  /home/elissa/ADFA/ADFA-ODT/SourceDocs/KotlinDocs/html/images/wasm-composeapp-browser-clickme.png		0.1257678669935558
/home/elissa/ADFA/ADFA-ODT/SourceDocs/KotlinDocs/html/images/native-output-gutter-1.png	PNG	26578	666	284	RGBA	32	kotlin_compressed/native-output-gutter-1.png	10190	666	284	L	8	optipng	optipng -out kotlin_compressed/native-output-gutter-1.png  /home/elissa/ADFA/ADFA-ODT/SourceDocs/KotlinDocs/html/images/native-output-gutter-1.png		0.11458989299717359
/home/elissa/ADFA/ADFA-ODT/SourceDocs/KotlinDocs/html/images/xcode-edit-schemes.png	PNG	94942	1244	622	RGBA	32	kotlin_compressed/xcode-edit-schemes.png	64508	1244	622	RGB	24	optipng	optipng -out kotlin_compressed/xcode-edit-schemes.png  /home/elissa/ADFA/ADFA-ODT/SourceDocs/KotlinDocs/html/images/xcode-edit-schemes.png		0.36638350199791603
/home/elissa/ADFA/ADFA-ODT/SourceDocs/KotlinDocs/html/images/bundling-kotlin-option.png	PNG	34613	728	248	RGBA	32	kotlin_compressed/bundling-kotlin-option.png	22334	728	248	RGB	24	optipng	optipng -out kotlin_compressed/bundling-kotlin-option.png  /home/elissa/ADFA/ADFA-ODT/SourceDocs/KotlinDocs/html/images/bundling-kotlin-option.png		0.15317730799142737
/home/elissa/ADFA/ADFA-ODT/SourceDocs/KotlinDocs/html/images/teamcity-gradle.png	PNG	60536	740	374	RGBA	32	kotlin_compressed/teamcity-gradle.png	46028	740	374	RGB	24	optipng	optipng -out kotlin_compressed/teamcity-gradle.png  /home/elissa/ADFA/ADFA-ODT/SourceDocs/KotlinDocs/html/images/teamcity-gradle.png		0.18016088000149466
/home/elissa/ADFA/ADFA-ODT/SourceDocs/KotlinDocs/html/images/as-project-wizard.png	PNG	246831	1784	1350	RGBA	32	kotlin_compressed/as-project-wizard.png	135007	1784	1350	RGB	24	optipng	optipng -out kotlin_compressed/as-project-wizard.png  /home/elissa/ADFA/ADFA-ODT/SourceDocs/KotlinDocs/html/images/as-project-wizard.png		1.0200227060122415
/home/elissa/ADFA/ADFA-ODT/SourceDocs/KotlinDocs/html/images/xcode-run-script-phase-2.png	PNG	192380	1610	950	RGBA	32	kotlin_compressed/xcode-run-script-phase-2.png	116672	1610	950	RGB	24	optipng	optipng -out kotlin_compressed/xcode-run-script-phase-2.png  /home/elissa/ADFA/ADFA-ODT/SourceDocs/KotlinDocs/html/images/xcode-run-script-phase-2.png		0.7719380030030152
/home/elissa/ADFA/ADFA-ODT/SourceDocs/KotlinDocs/html/images/refined-data.png	PNG	118857	1778	524	RGBA	32	kotlin_compressed/refined-data.png	46268	1778	524	P	8	optipng	optipng -out kotlin_compressed/refined-data.png  /home/elissa/ADFA/ADFA-ODT/SourceDocs/KotlinDocs/html/images/refined-data.png		0.47816166099801194
/home/elissa/ADFA/ADFA-ODT/SourceDocs/KotlinDocs/html/images/code-formatting-diff.png	PNG	111111	2101	577	RGBA	32	kotlin_compressed/code-formatting-diff.png	46844	2101	577	RGB	24	optipng	optipng -out kotlin_compressed/code-formatting-diff.png  /home/elissa/ADFA/ADFA-ODT/SourceDocs/KotlinDocs/html/images/code-formatting-diff.png		0.4240884439932415
/home/elissa/ADFA/ADFA-ODT/SourceDocs/KotlinDocs/html/images/ki-shell-results.png	PNG	41780	1400	260	RGBA	32	kotlin_compressed/ki-shell-results.png	24148	1400	260	RGB	24	optipng	optipng -out kotlin_compressed/ki-shell-results.png  /home/elissa/ADFA/ADFA-ODT/SourceDocs/KotlinDocs/html/images/ki-shell-results.png		0.19458061100158375
/home/elissa/ADFA/ADFA-ODT/SourceDocs/KotlinDocs/html/images/create-database-schema.png	PNG	39604	732	356	RGBA	32	kotlin_compressed/create-database-schema.png	24408	732	356	RGBA	32	optipng	optipng -out kotlin_compressed/create-database-schema.png  /home/elissa/ADFA/ADFA-ODT/SourceDocs/KotlinDocs/html/images/create-database-schema.png		0.17896966500848066
/home/elissa/ADFA/ADFA-ODT/SourceDocs/KotlinDocs/html/images/wasm-demo.png	PNG	953732	2118	1094	RGBA	32	kotlin_compressed/wasm-demo.png	840629	2118	1094	RGBA	32	optipng	optipng -out kotlin_compressed/wasm-demo.png  /home/elissa/ADFA/ADFA-ODT/SourceDocs/KotlinDocs/html/images/wasm-demo.png		2.6522573370020837
/home/elissa/ADFA/ADFA-ODT/SourceDocs/KotlinDocs/html/images/website-draft.png	PNG	113665	1310	1420	RGBA	32	kotlin_compressed/website-draft.png	39184	1310	1420	L	8	optipng	optipng -out kotlin_compressed/website-draft.png  /home/elissa/ADFA/ADFA-ODT/SourceDocs/KotlinDocs/html/images/website-draft.png		0.4640106709994143
/home/elissa/ADFA/ADFA-ODT/SourceDocs/KotlinDocs/html/images/hello-react-js.png	PNG	20645	1124	178	RGBA	32	kotlin_compressed/hello-react-js.png	9292	1124	178	L	8	optipng	optipng -out kotlin_compressed/hello-react-js.png  /home/elissa/ADFA/ADFA-ODT/SourceDocs/KotlinDocs/html/images/hello-react-js.png		0.10052299400558695
/home/elissa/ADFA/ADFA-ODT/SourceDocs/KotlinDocs/html/images/run-all-button.png	PNG	1517	56	58	RGBA	32	kotlin_compressed/run-all-button.png	945	56	58	P	8	optipng	optipng -out kotlin_compressed/run-all-button.png  /home/elissa/ADFA/ADFA-ODT/SourceDocs/KotlinDocs/html/images/run-all-button.png		0.004014022008050233
/home/elissa/ADFA/ADFA-ODT/SourceDocs/KotlinDocs/html/images/xcode-swift-export-run-script-phase.png	PNG	187694	1736	914	RGBA	32	kotlin_compressed/xcode-swift-export-run-script-phase.png	112204	1736	914	RGB	24	optipng	optipng -out kotlin_compressed/xcode-swift-export-run-script-phase.png  /home/elissa/ADFA/ADFA-ODT/SourceDocs/KotlinDocs/html/images/xcode-swift-export-run-script-phase.png		0.7915893949975725
/home/elissa/ADFA/ADFA-ODT/SourceDocs/KotlinDocs/html/images/run-migration-wn.png	PNG	16358	736	146	RGBA	32	kotlin_compressed/run-migration-wn.png	9625	736	146	RGB	24	optipng	optipng -out kotlin_compressed/run-migration-wn.png  /home/elissa/ADFA/ADFA-ODT/SourceDocs/KotlinDocs/html/images/run-migration-wn.png		0.08841575200494844
/home/elissa/ADFA/ADFA-ODT/SourceDocs/KotlinDocs/html/images/wasm-custom-formatters-chrome.png	PNG	181369	1238	1270	RGBA	32	kotlin_compressed/wasm-custom-formatters-chrome.png	102085	1238	1270	RGB	24	optipng	optipng -out kotlin_compressed/wasm-custom-formatters-chrome.png  /home/elissa/ADFA/ADFA-ODT/SourceDocs/KotlinDocs/html/images/wasm-custom-formatters-chrome.png		0.8166401119960938
/home/elissa/ADFA/ADFA-ODT/SourceDocs/KotlinDocs/html/images/playground-env-setup.png	PNG	135983	2040	768	RGBA	32	kotlin_compressed/playground-env-setup.png	75836	2040	768	RGB	24	optipng	optipng -out kotlin_compressed/playground-env-setup.png  /home/elissa/ADFA/ADFA-ODT/SourceDocs/KotlinDocs/html/images/playground-env-setup.png		0.5371685269929003
/home/elissa/ADFA/ADFA-ODT/SourceDocs/KotlinDocs/html/images/kotlin-in-action.png	PNG	70484	255	319	RGB	24	kotlin_compressed/kotlin-in-action.png	64163	255	319	RGB	24	optipng	optipng -out kotlin_compressed/kotlin-in-action.png  /home/elissa/ADFA/ADFA-ODT/SourceDocs/KotlinDocs/html/images/kotlin-in-action.png		0.0840176519996021
/home/elissa/ADFA/ADFA-ODT/SourceDocs/KotlinDocs/html/images/create-spring-boot-project.png	PNG	258531	1602	1380	RGBA	32	kotlin_compressed/create-spring-boot-project.png	163251	1602	1380	RGBA	32	optipng	optipng -out kotlin_compressed/create-spring-boot-project.png  /home/elissa/ADFA/ADFA-ODT/SourceDocs/KotlinDocs/html/images/create-spring-boot-project.png		1.102720959999715
/home/elissa/ADFA/ADFA-ODT/SourceDocs/KotlinDocs/html/images/auto-completion-data-analysis.png	PNG	449409	2332	766	RGBA	32	kotlin_compressed/auto-completion-data-analysis.png	331875	2332	766	RGB	24	optipng	optipng -out kotlin_compressed/auto-completion-data-analysis.png  /home/elissa/ADFA/ADFA-ODT/SourceDocs/KotlinDocs/html/images/auto-completion-data-analysis.png		1.17150166000647
/home/elissa/ADFA/ADFA-ODT/SourceDocs/KotlinDocs/html/images/wasm-performance-compose.png	PNG	99407	1566	700	RGBA	32	kotlin_compressed/wasm-performance-compose.png	59413	1566	700	RGB	24	optipng	optipng -out kotlin_compressed/wasm-performance-compose.png  /home/elissa/ADFA/ADFA-ODT/SourceDocs/KotlinDocs/html/images/wasm-performance-compose.png		0.44001082199974917
/home/elissa/ADFA/ADFA-ODT/SourceDocs/KotlinDocs/html/images/native-output-gutter-2.png	PNG	66727	844	524	RGBA	32	kotlin_compressed/native-output-gutter-2.png	39584	844	524	RGB	24	optipng	optipng -out kotlin_compressed/native-output-gutter-2.png  /home/elissa/ADFA/ADFA-ODT/SourceDocs/KotlinDocs/html/images/native-output-gutter-2.png		0.25945878800121136
/home/elissa/ADFA/ADFA-ODT/SourceDocs/KotlinDocs/html/images/test-summary.png	PNG	337607	1688	1218	RGBA	32	kotlin_compressed/test-summary.png	243513	1688	1218	RGBA	32	optipng	optipng -out kotlin_compressed/test-summary.png  /home/elissa/ADFA/ADFA-ODT/SourceDocs/KotlinDocs/html/images/test-summary.png		2.9073478409991367
/home/elissa/ADFA/ADFA-ODT/SourceDocs/KotlinDocs/html/images/convert-java-to-kotlin.png	PNG	173794	1132	896	RGBA	32	kotlin_compressed/convert-java-to-kotlin.png	119633	1132	896	RGB	24	optipng	optipng -out kotlin_compressed/convert-java-to-kotlin.png  /home/elissa/ADFA/ADFA-ODT/SourceDocs/KotlinDocs/html/images/convert-java-to-kotlin.png		0.6812192859943025
/home/elissa/ADFA/ADFA-ODT/SourceDocs/KotlinDocs/html/images/waiting-for-changes.png	PNG	528449	2584	1136	RGBA	32	kotlin_compressed/waiting-for-changes.png	389598	2584	1136	RGBA	32	optipng	optipng -out kotlin_compressed/waiting-for-changes.png  /home/elissa/ADFA/ADFA-ODT/SourceDocs/KotlinDocs/html/images/waiting-for-changes.png		3.733460835996084
/home/elissa/ADFA/ADFA-ODT/SourceDocs/KotlinDocs/html/images/new-notebook-project.png	PNG	257472	1586	1410	RGBA	32	kotlin_compressed/new-notebook-project.png	144880	1586	1410	RGB	24	optipng	optipng -out kotlin_compressed/new-notebook-project.png  /home/elissa/ADFA/ADFA-ODT/SourceDocs/KotlinDocs/html/images/new-notebook-project.png		0.9135825069970451
/home/elissa/ADFA/ADFA-ODT/SourceDocs/KotlinDocs/html/images/wasm-wasi-gradle-task.png	PNG	152203	858	986	RGBA	32	kotlin_compressed/wasm-wasi-gradle-task.png	83562	858	986	RGB	24	optipng	optipng -out kotlin_compressed/wasm-wasi-gradle-task.png  /home/elissa/ADFA/ADFA-ODT/SourceDocs/KotlinDocs/html/images/wasm-wasi-gradle-task.png		0.5086558170005446
/home/elissa/ADFA/ADFA-ODT/SourceDocs/KotlinDocs/html/images/wasm-wasi-tests-results.png	PNG	203246	2184	874	RGBA	32	kotlin_compressed/wasm-wasi-tests-results.png	127282	2184	874	RGB	24	optipng	optipng -out kotlin_compressed/wasm-wasi-tests-results.png  /home/elissa/ADFA/ADFA-ODT/SourceDocs/KotlinDocs/html/images/wasm-wasi-tests-results.png		1.0554819950048113
/home/elissa/ADFA/ADFA-ODT/SourceDocs/KotlinDocs/html/images/data-analysis-kandy-example.png	PNG	483251	2124	1730	RGBA	32	kotlin_compressed/data-analysis-kandy-example.png	329382	2124	1730	RGB	24	optipng	optipng -out kotlin_compressed/data-analysis-kandy-example.png  /home/elissa/ADFA/ADFA-ODT/SourceDocs/KotlinDocs/html/images/data-analysis-kandy-example.png		2.3726299129921244
/home/elissa/ADFA/ADFA-ODT/SourceDocs/KotlinDocs/html/images/xcode-run-script-phase-1.png	PNG	201465	1502	672	RGBA	32	kotlin_compressed/xcode-run-script-phase-1.png	137128	1502	672	RGB	24	optipng	optipng -out kotlin_compressed/xcode-run-script-phase-1.png  /home/elissa/ADFA/ADFA-ODT/SourceDocs/KotlinDocs/html/images/xcode-run-script-phase-1.png		0.6911349339934532
/home/elissa/ADFA/ADFA-ODT/SourceDocs/KotlinDocs/html/images/debug-config-run.png	PNG	125550	1200	732	RGBA	32	kotlin_compressed/debug-config-run.png	78842	1200	732	RGB	24	optipng	optipng -out kotlin_compressed/debug-config-run.png  /home/elissa/ADFA/ADFA-ODT/SourceDocs/KotlinDocs/html/images/debug-config-run.png		0.45886712899664417
/home/elissa/ADFA/ADFA-ODT/SourceDocs/KotlinDocs/html/images/get-kotlin-language-map.png	PNG	10733	1400	160	RGBA	32	kotlin_compressed/get-kotlin-language-map.png	7516	1400	160	P	8	optipng	optipng -out kotlin_compressed/get-kotlin-language-map.png  /home/elissa/ADFA/ADFA-ODT/SourceDocs/KotlinDocs/html/images/get-kotlin-language-map.png		0.09826908800459933
/home/elissa/ADFA/ADFA-ODT/SourceDocs/KotlinDocs/html/images/test-stacktrace-ide.png	PNG	435001	2362	1378	RGBA	32	kotlin_compressed/test-stacktrace-ide.png	268128	2362	1378	RGB	24	optipng	optipng -out kotlin_compressed/test-stacktrace-ide.png  /home/elissa/ADFA/ADFA-ODT/SourceDocs/KotlinDocs/html/images/test-stacktrace-ide.png		1.8623031500028446
/home/elissa/ADFA/ADFA-ODT/SourceDocs/KotlinDocs/html/images/wasm-wasi-testing-task.png	PNG	202127	1150	1518	RGBA	32	kotlin_compressed/wasm-wasi-testing-task.png	109390	1150	1518	RGB	24	optipng	optipng -out kotlin_compressed/wasm-wasi-testing-task.png  /home/elissa/ADFA/ADFA-ODT/SourceDocs/KotlinDocs/html/images/wasm-wasi-testing-task.png		0.7756860090012196
/home/elissa/ADFA/ADFA-ODT/SourceDocs/KotlinDocs/html/images/teamcity-idearunner.png	PNG	46071	733	277	RGBA	32	kotlin_compressed/teamcity-idearunner.png	35601	733	277	RGB	24	optipng	optipng -out kotlin_compressed/teamcity-idearunner.png  /home/elissa/ADFA/ADFA-ODT/SourceDocs/KotlinDocs/html/images/teamcity-idearunner.png		0.14642067400563974
/home/elissa/ADFA/ADFA-ODT/SourceDocs/KotlinDocs/html/images/current-layout.png	PNG	115968	1834	776	RGBA	32	kotlin_compressed/current-layout.png	46879	1834	776	L	8	optipng	optipng -out kotlin_compressed/current-layout.png  /home/elissa/ADFA/ADFA-ODT/SourceDocs/KotlinDocs/html/images/current-layout.png		0.35998522899171803
/home/elissa/ADFA/ADFA-ODT/SourceDocs/KotlinDocs/html/images/debug-config.png	PNG	342650	1626	1284	RGBA	32	kotlin_compressed/debug-config.png	243195	1626	1284	RGBA	32	optipng	optipng -out kotlin_compressed/debug-config.png  /home/elissa/ADFA/ADFA-ODT/SourceDocs/KotlinDocs/html/images/debug-config.png		3.1786753310007043
/home/elissa/ADFA/ADFA-ODT/SourceDocs/KotlinDocs/html/images/plain-text-output.png	PNG	6715	472	98	RGBA	32	kotlin_compressed/plain-text-output.png	4190	472	98	RGB	24	optipng	optipng -out kotlin_compressed/plain-text-output.png  /home/elissa/ADFA/ADFA-ODT/SourceDocs/KotlinDocs/html/images/plain-text-output.png		0.036780812006327324
/home/elissa/ADFA/ADFA-ODT/SourceDocs/KotlinDocs/html/images/wasm-composeapp-github-clickme.png	PNG	67522	1728	958	RGBA	32	kotlin_compressed/wasm-composeapp-github-clickme.png	31002	1728	958	RGB	24	optipng	optipng -out kotlin_compressed/wasm-composeapp-github-clickme.png  /home/elissa/ADFA/ADFA-ODT/SourceDocs/KotlinDocs/html/images/wasm-composeapp-github-clickme.png		0.4123069019988179
/home/elissa/ADFA/ADFA-ODT/SourceDocs/KotlinDocs/html/images/kotlin-notebook-plugin.png	PNG	301197	1950	1420	RGBA	32	kotlin_compressed/kotlin-notebook-plugin.png	175235	1950	1420	RGB	24	optipng	optipng -out kotlin_compressed/kotlin-notebook-plugin.png  /home/elissa/ADFA/ADFA-ODT/SourceDocs/KotlinDocs/html/images/kotlin-notebook-plugin.png		1.2340623670024797
/home/elissa/ADFA/ADFA-ODT/SourceDocs/KotlinDocs/html/images/mascot-in-action.png	PNG	407394	8000	4500	RGBA	32	kotlin_compressed/mascot-in-action.png	361168	8000	4500	RGBA	32	optipng	optipng -out kotlin_compressed/mascot-in-action.png  /home/elissa/ADFA/ADFA-ODT/SourceDocs/KotlinDocs/html/images/mascot-in-action.png		9.205969968999852
/home/elissa/ADFA/ADFA-ODT/SourceDocs/KotlinDocs/html/images/xcode-spm-usage.png	PNG	146842	1758	498	RGBA	32	kotlin_compressed/xcode-spm-usage.png	92973	1758	498	RGB	24	optipng	optipng -out kotlin_compressed/xcode-spm-usage.png  /home/elissa/ADFA/ADFA-ODT/SourceDocs/KotlinDocs/html/images/xcode-spm-usage.png		0.4473481890017865
/home/elissa/ADFA/ADFA-ODT/SourceDocs/KotlinDocs/html/images/scratch-run.png	PNG	78795	1618	566	RGBA	32	kotlin_compressed/scratch-run.png	49364	1618	566	RGB	24	optipng	optipng -out kotlin_compressed/scratch-run.png  /home/elissa/ADFA/ADFA-ODT/SourceDocs/KotlinDocs/html/images/scratch-run.png		0.4454098310088739
/home/elissa/ADFA/ADFA-ODT/SourceDocs/KotlinDocs/html/images/atomic-kotlin.png	PNG	244012	703	888	RGBA	32	kotlin_compressed/atomic-kotlin.png	68659	703	888	RGB	24	optipng	optipng -out kotlin_compressed/atomic-kotlin.png  /home/elissa/ADFA/ADFA-ODT/SourceDocs/KotlinDocs/html/images/atomic-kotlin.png		0.4705196090071695
/home/elissa/ADFA/ADFA-ODT/SourceDocs/KotlinDocs/html/images/jvm-run-app-gradle.png	PNG	88779	746	404	RGBA	32	kotlin_compressed/jvm-run-app-gradle.png	64316	746	404	RGBA	32	optipng	optipng -out kotlin_compressed/jvm-run-app-gradle.png  /home/elissa/ADFA/ADFA-ODT/SourceDocs/KotlinDocs/html/images/jvm-run-app-gradle.png		0.3403808820003178
/home/elissa/ADFA/ADFA-ODT/SourceDocs/KotlinDocs/html/images/kotlin-shell.png	PNG	46081	492	142	RGBA	32	kotlin_compressed/kotlin-shell.png	29265	492	142	RGB	24	optipng	optipng -out kotlin_compressed/kotlin-shell.png  /home/elissa/ADFA/ADFA-ODT/SourceDocs/KotlinDocs/html/images/kotlin-shell.png		0.09250556600454729
/home/elissa/ADFA/ADFA-ODT/SourceDocs/KotlinDocs/html/images/markdown-cells-output.png	PNG	212512	2102	766	RGBA	32	kotlin_compressed/markdown-cells-output.png	128274	2102	766	RGB	24	optipng	optipng -out kotlin_compressed/markdown-cells-output.png  /home/elissa/ADFA/ADFA-ODT/SourceDocs/KotlinDocs/html/images/markdown-cells-output.png		1.0183755729958648
/home/elissa/ADFA/ADFA-ODT/SourceDocs/KotlinDocs/html/images/retrieve-message-by-its-id.png	PNG	488450	2942	1686	RGBA	32	kotlin_compressed/retrieve-message-by-its-id.png	311945	2942	1686	RGBA	32	optipng	optipng -out kotlin_compressed/retrieve-message-by-its-id.png  /home/elissa/ADFA/ADFA-ODT/SourceDocs/KotlinDocs/html/images/retrieve-message-by-its-id.png		2.4486240289988928
/home/elissa/ADFA/ADFA-ODT/SourceDocs/KotlinDocs/html/images/devtools-console.png	PNG	237020	1282	744	RGBA	32	kotlin_compressed/devtools-console.png	175971	1282	744	RGBA	32	optipng	optipng -out kotlin_compressed/devtools-console.png  /home/elissa/ADFA/ADFA-ODT/SourceDocs/KotlinDocs/html/images/devtools-console.png		2.0979968609899515
/home/elissa/ADFA/ADFA-ODT/SourceDocs/KotlinDocs/html/images/set-up-spring-boot-project.png	PNG	352277	2058	2012	RGBA	32	kotlin_compressed/set-up-spring-boot-project.png	208008	2058	2012	RGBA	32	optipng	optipng -out kotlin_compressed/set-up-spring-boot-project.png  /home/elissa/ADFA/ADFA-ODT/SourceDocs/KotlinDocs/html/images/set-up-spring-boot-project.png		1.7995286509976722
/home/elissa/ADFA/ADFA-ODT/SourceDocs/KotlinDocs/html/images/new-notebook.png	PNG	269206	2494	572	RGBA	32	kotlin_compressed/new-notebook.png	189895	2494	572	RGB	24	optipng	optipng -out kotlin_compressed/new-notebook.png  /home/elissa/ADFA/ADFA-ODT/SourceDocs/KotlinDocs/html/images/new-notebook.png		0.8607347510114778
/home/elissa/ADFA/ADFA-ODT/SourceDocs/KotlinDocs/html/images/teamcity-setupkotlin.png	PNG	44067	704	279	RGBA	32	kotlin_compressed/teamcity-setupkotlin.png	33690	704	279	RGB	24	optipng	optipng -out kotlin_compressed/teamcity-setupkotlin.png  /home/elissa/ADFA/ADFA-ODT/SourceDocs/KotlinDocs/html/images/teamcity-setupkotlin.png		0.13805216099717654
/home/elissa/ADFA/ADFA-ODT/SourceDocs/KotlinDocs/html/images/app-store-required-reasons-warning.png	PNG	99532	1768	314	RGBA	32	kotlin_compressed/app-store-required-reasons-warning.png	54399	1768	314	RGB	24	optipng	optipng -out kotlin_compressed/app-store-required-reasons-warning.png  /home/elissa/ADFA/ADFA-ODT/SourceDocs/KotlinDocs/html/images/app-store-required-reasons-warning.png		0.34281372900295537
/home/elissa/ADFA/ADFA-ODT/SourceDocs/KotlinDocs/html/images/generate-test.png	PNG	135640	1244	754	RGBA	32	kotlin_compressed/generate-test.png	106983	1244	754	RGBA	32	optipng	optipng -out kotlin_compressed/generate-test.png  /home/elissa/ADFA/ADFA-ODT/SourceDocs/KotlinDocs/html/images/generate-test.png		0.6914929320046213
/home/elissa/ADFA/ADFA-ODT/SourceDocs/KotlinDocs/html/images/native-run-config.png	PNG	20383	1006	152	RGBA	32	kotlin_compressed/native-run-config.png	10714	1006	152	RGB	24	optipng	optipng -out kotlin_compressed/native-run-config.png  /home/elissa/ADFA/ADFA-ODT/SourceDocs/KotlinDocs/html/images/native-run-config.png		0.0819078799977433
/home/elissa/ADFA/ADFA-ODT/SourceDocs/KotlinDocs/html/images/wasm-debugger-improved.png	PNG	226646	1074	759	RGBA	32	kotlin_compressed/wasm-debugger-improved.png	169588	1074	759	RGB	24	optipng	optipng -out kotlin_compressed/wasm-debugger-improved.png  /home/elissa/ADFA/ADFA-ODT/SourceDocs/KotlinDocs/html/images/wasm-debugger-improved.png		0.4221452589990804
/home/elissa/ADFA/ADFA-ODT/SourceDocs/KotlinDocs/html/images/run-test.png	PNG	165461	1242	780	RGBA	32	kotlin_compressed/run-test.png	121833	1242	780	RGBA	32	optipng	optipng -out kotlin_compressed/run-test.png  /home/elissa/ADFA/ADFA-ODT/SourceDocs/KotlinDocs/html/images/run-test.png		0.7733253889891785
/home/elissa/ADFA/ADFA-ODT/SourceDocs/KotlinDocs/html/images/dataframe-output.png	PNG	22092	1036	248	RGBA	32	kotlin_compressed/dataframe-output.png	12794	1036	248	RGB	24	optipng	optipng -out kotlin_compressed/dataframe-output.png  /home/elissa/ADFA/ADFA-ODT/SourceDocs/KotlinDocs/html/images/dataframe-output.png		0.1345993470022222
/home/elissa/ADFA/ADFA-ODT/SourceDocs/KotlinDocs/html/images/run-cell-and-select-below.png	PNG	1173	56	56	RGBA	32	kotlin_compressed/run-cell-and-select-below.png	688	56	56	P	8	optipng	optipng -out kotlin_compressed/run-cell-and-select-below.png  /home/elissa/ADFA/ADFA-ODT/SourceDocs/KotlinDocs/html/images/run-cell-and-select-below.png		0.0030073530069785193
/home/elissa/ADFA/ADFA-ODT/SourceDocs/KotlinDocs/html/images/kotlin-notebook.png	PNG	454346	2197	2043	RGBA	32	kotlin_compressed/kotlin-notebook.png	306091	2197	2043	RGBA	32	optipng	optipng -out kotlin_compressed/kotlin-notebook.png  /home/elissa/ADFA/ADFA-ODT/SourceDocs/KotlinDocs/html/images/kotlin-notebook.png		2.149872484995285
/home/elissa/ADFA/ADFA-ODT/SourceDocs/KotlinDocs/html/images/kotlin-notebook-scratch-file.png	PNG	80238	732	704	RGBA	32	kotlin_compressed/kotlin-notebook-scratch-file.png	51065	732	704	RGB	24	optipng	optipng -out kotlin_compressed/kotlin-notebook-scratch-file.png  /home/elissa/ADFA/ADFA-ODT/SourceDocs/KotlinDocs/html/images/kotlin-notebook-scratch-file.png		0.36347205699712504
/home/elissa/ADFA/ADFA-ODT/SourceDocs/KotlinDocs/html/images/programming-kotlin.png	PNG	60366	190	228	RGBA	32	kotlin_compressed/programming-kotlin.png	47352	190	228	RGB	24	optipng	optipng -out kotlin_compressed/programming-kotlin.png  /home/elissa/ADFA/ADFA-ODT/SourceDocs/KotlinDocs/html/images/programming-kotlin.png		0.16578489700623322
/home/elissa/ADFA/ADFA-ODT/SourceDocs/KotlinDocs/html/images/wasm-old-debugger.png	PNG	287273	1550	986	RGBA	32	kotlin_compressed/wasm-old-debugger.png	172833	1550	986	RGB	24	optipng	optipng -out kotlin_compressed/wasm-old-debugger.png  /home/elissa/ADFA/ADFA-ODT/SourceDocs/KotlinDocs/html/images/wasm-old-debugger.png		1.05063938999956
/home/elissa/ADFA/ADFA-ODT/SourceDocs/KotlinDocs/html/images/xcode-gradle-output.png	PNG	233937	1912	1124	RGBA	32	kotlin_compressed/xcode-gradle-output.png	151793	1912	1124	RGBA	32	optipng	optipng -out kotlin_compressed/xcode-gradle-output.png  /home/elissa/ADFA/ADFA-ODT/SourceDocs/KotlinDocs/html/images/xcode-gradle-output.png		0.8567721790022915
/home/elissa/ADFA/ADFA-ODT/SourceDocs/KotlinDocs/html/images/playground-generated-js.png	PNG	130562	2040	626	RGBA	32	kotlin_compressed/playground-generated-js.png	73967	2040	626	RGB	24	optipng	optipng -out kotlin_compressed/playground-generated-js.png  /home/elissa/ADFA/ADFA-ODT/SourceDocs/KotlinDocs/html/images/playground-generated-js.png		0.5258433929993771
/home/elissa/ADFA/ADFA-ODT/SourceDocs/KotlinDocs/html/images/two-videos-select.png	PNG	117093	2052	864	RGBA	32	kotlin_compressed/two-videos-select.png	41155	2052	864	L	8	optipng	optipng -out kotlin_compressed/two-videos-select.png  /home/elissa/ADFA/ADFA-ODT/SourceDocs/KotlinDocs/html/images/two-videos-select.png		0.5321847209997941
/home/elissa/ADFA/ADFA-ODT/SourceDocs/KotlinDocs/html/images/red-page.png	PNG	51119	1514	666	RGBA	32	kotlin_compressed/red-page.png	24181	1514	666	RGB	24	optipng	optipng -out kotlin_compressed/red-page.png  /home/elissa/ADFA/ADFA-ODT/SourceDocs/KotlinDocs/html/images/red-page.png		0.2118558789952658
/home/elissa/ADFA/ADFA-ODT/SourceDocs/KotlinDocs/html/images/wasm-wasi-app-terminal.png	PNG	59619	1276	370	RGBA	32	kotlin_compressed/wasm-wasi-app-terminal.png	38214	1276	370	RGB	24	optipng	optipng -out kotlin_compressed/wasm-wasi-app-terminal.png  /home/elissa/ADFA/ADFA-ODT/SourceDocs/KotlinDocs/html/images/wasm-wasi-app-terminal.png		0.3207966999907512
/home/elissa/ADFA/ADFA-ODT/SourceDocs/KotlinDocs/html/images/kotlin-notebook-sharing-datalore.png	PNG	210589	2024	1440	RGBA	32	kotlin_compressed/kotlin-notebook-sharing-datalore.png	111405	2024	1440	RGB	24	optipng	optipng -out kotlin_compressed/kotlin-notebook-sharing-datalore.png  /home/elissa/ADFA/ADFA-ODT/SourceDocs/KotlinDocs/html/images/kotlin-notebook-sharing-datalore.png		0.9621193150087493
/home/elissa/ADFA/ADFA-ODT/SourceDocs/KotlinDocs/html/images/native-spm-url.png	PNG	363218	2146	1190	RGBA	32	kotlin_compressed/native-spm-url.png	220860	2146	1190	RGB	24	optipng	optipng -out kotlin_compressed/native-spm-url.png  /home/elissa/ADFA/ADFA-ODT/SourceDocs/KotlinDocs/html/images/native-spm-url.png		1.3662612629996147
/home/elissa/ADFA/ADFA-ODT/SourceDocs/KotlinDocs/html/images/script-deps-create-root-project.png	PNG	187008	1524	1244	RGBA	32	kotlin_compressed/script-deps-create-root-project.png	110918	1524	1244	RGB	24	optipng	optipng -out kotlin_compressed/script-deps-create-root-project.png  /home/elissa/ADFA/ADFA-ODT/SourceDocs/KotlinDocs/html/images/script-deps-create-root-project.png		0.8352897400036454
/home/elissa/ADFA/ADFA-ODT/SourceDocs/KotlinDocs/html/images/gradle-kts.png	PNG	63587	1154	299	RGBA	32	kotlin_compressed/gradle-kts.png	45510	1154	299	RGBA	32	optipng	optipng -out kotlin_compressed/gradle-kts.png  /home/elissa/ADFA/ADFA-ODT/SourceDocs/KotlinDocs/html/images/gradle-kts.png		0.22879661599290557
/home/elissa/ADFA/ADFA-ODT/SourceDocs/KotlinDocs/html/images/execute-get-requests.png	PNG	456835	2942	1686	RGBA	32	kotlin_compressed/execute-get-requests.png	289841	2942	1686	RGBA	32	optipng	optipng -out kotlin_compressed/execute-get-requests.png  /home/elissa/ADFA/ADFA-ODT/SourceDocs/KotlinDocs/html/images/execute-get-requests.png		2.286766602002899
/home/elissa/ADFA/ADFA-ODT/SourceDocs/KotlinDocs/html/images/edit-configurations.png	PNG	243649	2010	900	RGBA	32	kotlin_compressed/edit-configurations.png	159860	2010	900	RGB	24	optipng	optipng -out kotlin_compressed/edit-configurations.png  /home/elissa/ADFA/ADFA-ODT/SourceDocs/KotlinDocs/html/images/edit-configurations.png		1.004586315000779
/home/elissa/ADFA/ADFA-ODT/SourceDocs/KotlinDocs/html/images/display-data.png	PNG	114903	2142	562	RGBA	32	kotlin_compressed/display-data.png	71021	2142	562	RGB	24	optipng	optipng -out kotlin_compressed/display-data.png  /home/elissa/ADFA/ADFA-ODT/SourceDocs/KotlinDocs/html/images/display-data.png		0.5411785159958526
/home/elissa/ADFA/ADFA-ODT/SourceDocs/KotlinDocs/html/images/youtrack-logo.png	PNG	10976	240	240	RGBA	32	kotlin_compressed/youtrack-logo.png	10390	240	240	RGBA	32	optipng	optipng -out kotlin_compressed/youtrack-logo.png  /home/elissa/ADFA/ADFA-ODT/SourceDocs/KotlinDocs/html/images/youtrack-logo.png		0.09005592300673015
/home/elissa/ADFA/ADFA-ODT/SourceDocs/KotlinDocs/html/images/jvm-main-kt-initial.png	PNG	184232	1552	982	RGBA	32	kotlin_compressed/jvm-main-kt-initial.png	110079	1552	982	RGB	24	optipng	optipng -out kotlin_compressed/jvm-main-kt-initial.png  /home/elissa/ADFA/ADFA-ODT/SourceDocs/KotlinDocs/html/images/jvm-main-kt-initial.png		0.754261868991307
/home/elissa/ADFA/ADFA-ODT/SourceDocs/KotlinDocs/html/images/multiplatform-project-2-wn.png	PNG	135371	2046	1120	RGBA	32	kotlin_compressed/multiplatform-project-2-wn.png	69674	2046	1120	RGB	24	optipng	optipng -out kotlin_compressed/multiplatform-project-2-wn.png  /home/elissa/ADFA/ADFA-ODT/SourceDocs/KotlinDocs/html/images/multiplatform-project-2-wn.png		0.6005116600135807
